number,value,model.hidden_dim,model.num_layers,model.num_gc_layers,model.dropout,training.learning_rate,training.weight_decay,duration_seconds
4,0.6557608462042279,128,1,2,0.11375540844608736,0.006586289317583112,5.975027999960295e-06,407.107519
0,0.6560899565617243,64,1,1,0.12323344486727979,0.005399484409787433,6.358358856676247e-05,389.826007
2,0.6572604924440384,128,1,2,0.28242799368681437,0.0037183641805732083,3.972110727381911e-06,411.546033
1,0.664979562163353,128,1,1,0.17336180394137354,0.0004059611610484307,3.752055855124284e-05,405.202117
3,0.6797579377889633,256,1,1,0.4795542149013333,0.00853618986286683,0.0002661901888489054,431.005213
