{
  "model.hidden_dim": 128,
  "model.num_layers": 4,
  "model.num_gc_layers": 4,
  "model.dropout": 0.23309139293073017,
  "training.learning_rate": 0.0007205471449573455,
  "training.weight_decay": 1.2039678847394566e-06
}