{
  "best_validation_loss": 0.33606166314722885,
  "final_training_loss": 0.37976077166232436,
  "final_validation_loss": 0.40182154981502843,
  "epochs_trained": 50,
  "early_stopping": false,
  "training_losses": [
    0.8578414921358828,
    0.7309688411571167,
    0.6916413831186818,
    0.6694987887864584,
    0.6566799873615796,
    0.6438634012426648,
    0.6361045921460177,
    0.6256244103987139,
    0.618031885488566,
    0.6161828093476348,
    0.6084005675473056,
    0.5986774907662318,
    0.5925645846805293,
    0.5850313422662434,
    0.5775636222772983,
    0.5680120074268662,
    0.5572896593219632,
    0.5558055083611946,
    0.5529978454331339,
    0.5415213390802726,
    0.5391798602355705,
    0.5347303569098532,
    0.529796940612269,
    0.5266053381856981,
    0.5191504210779518,
    0.5238091066861764,
    0.5169825729651328,
    0.511682079061047,
    0.5108206559231866,
    0.5013793667594155,
    0.5000479796648899,
    0.4956389131235989,
    0.4856039740882077,
    0.47125069671498115,
    0.4791409440966316,
    0.44043896279055555,
    0.4405911382519718,
    0.41644590814690013,
    0.4385057948666178,
    0.408624162767833,
    0.40049133747270255,
    0.4095664374230109,
    0.4138790800239577,
    0.3861014673779736,
    0.40090593903055993,
    0.3825738300661464,
    0.4256332256855109,
    0.405157908196851,
    0.3919095971208789,
    0.37976077166232436
  ],
  "validation_losses": [
    0.788034339782907,
    0.7634929111644403,
    0.7681025221054234,
    0.7556019298621078,
    0.7556874982234257,
    0.6896774412980721,
    0.7656831894792727,
    0.6959402732439895,
    0.662068717404088,
    0.655003437021775,
    0.661542192323884,
    0.628147610755109,
    0.6254624736620419,
    0.5974280512822208,
    0.5814295895953676,
    0.5539650850331606,
    0.5665796539231912,
    0.6383785890109503,
    0.5601660851667176,
    0.5659863860971892,
    0.6377590300876703,
    0.5872505506250396,
    0.5143427867720376,
    0.5253409514231469,
    0.523067256852762,
    0.5559309768810201,
    0.5836113908175212,
    0.4864902619772883,
    0.5186105165908586,
    0.5258188746980766,
    0.5294243525435676,
    0.47381217255076363,
    0.4729225328609125,
    0.5629203405175636,
    0.44975711494239407,
    0.43700985154554023,
    0.4041056195969012,
    0.4654492116463718,
    0.36356653328706967,
    0.35957478943155774,
    0.41137891129326465,
    0.33879421362236367,
    0.4138807766695521,
    0.33606166314722885,
    0.34559369142820584,
    0.3376624430738278,
    0.4674365005608815,
    0.37719121286228524,
    0.39787327220190816,
    0.40182154981502843
  ]
}