{
  "model.hidden_dim": 128,
  "model.num_layers": 1,
  "model.num_gc_layers": 2,
  "model.dropout": 0.11375540844608736,
  "training.learning_rate": 0.006586289317583112,
  "training.weight_decay": 5.975027999960295e-06
}