{
  "model.hidden_dim": 128,
  "model.num_layers": 3,
  "model.num_gc_layers": 2,
  "model.dropout": 0.40404485718420646,
  "training.learning_rate": 0.004437244992271918,
  "training.weight_decay": 1.3663423677503228e-06
}