number,value,model.hidden_dim,model.num_layers,model.num_gc_layers,model.dropout,training.learning_rate,training.weight_decay,duration_seconds
2,0.8243891835212708,128,1,2,0.28242799368681437,0.0037183641805732083,3.972110727381911e-06,99.544462
4,0.8249429225921631,128,1,2,0.11375540844608736,0.006586289317583112,5.975027999960295e-06,99.939273
0,0.8291218876838684,64,1,1,0.12323344486727979,0.005399484409787433,6.358358856676247e-05,95.620514
1,0.8554754614830017,128,1,1,0.17336180394137354,0.0004059611610484307,3.752055855124284e-05,101.296356
3,0.9292097449302673,256,1,1,0.4795542149013333,0.00853618986286683,0.0002661901888489054,105.989532
