{
  "model.hidden_dim": 128,
  "model.num_layers": 1,
  "model.num_gc_layers": 2,
  "model.dropout": 0.28242799368681437,
  "training.learning_rate": 0.0037183641805732083,
  "training.weight_decay": 3.972110727381911e-06
}