{
  "best_validation_loss": 0.9701449026664098,
  "final_training_loss": 0.6748326070168439,
  "final_validation_loss": 1.0237510651350021,
  "epochs_trained": 50,
  "early_stopping": false,
  "training_losses": [
    0.9154426420436186,
    0.8633290178635541,
    0.8459313862464007,
    0.8374518401482526,
    0.848302935852724,
    0.7946634930284584,
    0.8189702735227697,
    0.7869175505988738,
    0.7909744276719934,
    0.8018232145730186,
    0.8486036553102381,
    0.7854799347765306,
    0.8168511285501368,
    0.8015447960180395,
    0.8322130862404319,
    0.7978794434491325,
    0.7767859697341919,
    0.7808299555498011,
    0.7552258933291716,
    0.7859848667593563,
    0.7556115914793575,
    0.7878945224425372,
    0.796041793682996,
    0.7581027325461892,
    0.7612589457455803,
    0.7228682391783771,
    0.7279387887786416,
    0.7271387471872217,
    0.7633528884719399,
    0.723560673349044,
    0.7197943680426654,
    0.7173310342956992,
    0.748003429349731,
    0.7396969619919272,
    0.7306234976824593,
    0.7073681494768929,
    0.6848757004036623,
    0.6884748444837683,
    0.6586170161471647,
    0.6753415307577919,
    0.6946641767726225,
    0.6613056940190932,
    0.65143883228302,
    0.6682351021205678,
    0.6843335663571077,
    0.650566858403823,
    0.6637385101879344,
    0.6947809703209821,
    0.7128064912908217,
    0.6748326070168439
  ],
  "validation_losses": [
    1.1562685122092564,
    1.1357826640208561,
    1.1259246567885082,
    1.1246472994486492,
    1.117689569791158,
    1.1100366115570068,
    1.104323650399844,
    1.1026920974254608,
    1.1267593850692113,
    1.0882036437590916,
    1.0946067124605179,
    1.088654061158498,
    1.0867742747068405,
    1.0933750321467717,
    1.0691831856966019,
    1.0713842858870823,
    1.0620198746522267,
    1.0760582933823268,
    1.0730727016925812,
    1.0697530855735142,
    1.0390079021453857,
    1.0356043080488841,
    1.0424587080876033,
    1.0162825485070546,
    1.0010486940542858,
    1.0501120785872142,
    1.033957228064537,
    1.0149321655432384,
    1.032846177617709,
    0.9945390373468399,
    1.0164772520462673,
    1.0173958490292232,
    1.0301285535097122,
    1.0019529114166896,
    1.0154102792342503,
    0.9900833616654078,
    1.0029711872339249,
    1.0017769386370976,
    1.0220400045315425,
    0.997332771619161,
    1.0318486094474792,
    1.0490052948395412,
    0.9701449026664098,
    1.077957645058632,
    1.0032111356655757,
    1.0733374804258347,
    1.000265379746755,
    0.9843806227048238,
    1.002660925189654,
    1.0237510651350021
  ]
}