{
  "model.hidden_dim": 128,
  "model.num_layers": 3,
  "model.num_gc_layers": 3,
  "model.dropout": 0.29062357079507495,
  "training.learning_rate": 0.0014497013503334496,
  "training.weight_decay": 3.3357723515383763e-06
}