{
  "experiment_name": "Custom Traffic Prediction Experiment",
  "timestamp": "2025-04-30T16:42:57.253245",
  "architecture": "full_attention",
  "output_dir": "results/1wk_more_complex_graph_structure",
  "cv_results": {
    "fold_results": [
      {
        "fold": 0,
        "val_loss": 0.7244967482984066,
        "train_losses": [
          1.1318207003853538,
          1.0196507356383584,
          0.9971574346224467,
          0.9714208606517676,
          0.9788845560767434,
          0.9682132403055826,
          0.9590219945618601,
          0.9539653369874666,
          0.949186157096516,
          0.9503796461856726,
          0.9497871832414106,
          0.9483743219664602,
          0.9493273135387537,
          0.9445217576893893,
          0.9427863359451294,
          0.9390206120230935
        ],
        "val_losses": [
          0.7913292869925499,
          0.7616590969264507,
          0.7556066401302814,
          0.7320655360817909,
          0.7391409147530794,
          0.7244967482984066,
          0.7341637704521418,
          0.7303456636145711,
          0.7311419108882546,
          0.7356383595615625,
          0.7389301378279924,
          0.7291924897581339,
          0.7326590372249484,
          0.7345969267189503,
          0.7441670410335064,
          0.75111123919487
        ]
      },
      {
        "fold": 1,
        "val_loss": 0.9628787636756897,
        "train_losses": [
          1.0240167801578839,
          0.9308879313369592,
          0.9009890668094158,
          0.8963554749886194,
          0.8963899152974287,
          0.8891538629929224,
          0.8941102040310701,
          0.8878463543951511,
          0.8895400712887446,
          0.8837241331736246,
          0.8835948246220747,
          0.8693586196750402,
          0.882863691697518,
          0.8772483145197233,
          0.8798952909807364,
          0.8820298872888088,
          0.8859831007818381,
          0.875250527014335,
          0.8752094842493534,
          0.8735863603651524,
          0.8657609478880962,
          0.8777014004687468,
          0.8672636101643244
        ],
        "val_losses": [
          0.9781078994274139,
          0.994248241186142,
          0.9914884865283966,
          0.9764527678489685,
          0.9802728891372681,
          0.9804021120071411,
          0.9856364727020264,
          1.031074047088623,
          0.9695564806461334,
          0.9732162058353424,
          0.9708254337310791,
          0.9927425682544708,
          0.9628787636756897,
          0.9700514674186707,
          0.9669899344444275,
          0.966025173664093,
          0.967915415763855,
          0.9869541823863983,
          0.9731636941432953,
          0.9895530939102173,
          0.9754832088947296,
          0.9732229709625244,
          0.9832803606987
        ]
      }
    ],
    "mean_val_loss": 0.8436877559870481,
    "std_val_loss": 0.11919100768864155,
    "best_val_loss": 0.7244967482984066,
    "best_fold": 0
  },
  "final_model": {
    "train_losses": [
      1.1036116643385454,
      0.9973286805730878,
      0.9691136678059896,
      0.9583971843574987,
      0.9547593142047073,
      0.954463389786807,
      0.9512460665269331,
      0.9426089615532847,
      0.9450612248796405,
      0.9414923859365059,
      0.9428500677600051,
      0.9453664692965421
    ],
    "val_losses": [
      0.7828304022550583,
      0.7253576265648007,
      0.7270597582682967,
      0.7288804715499282,
      0.7515101600438356,
      0.7498654965311289,
      0.7391213327646255,
      0.7355769257992506,
      0.7483810558915138,
      0.7410804331302643,
      0.7382529713213444,
      0.7472335193306208
    ],
    "best_val_loss": 0.7253576265648007,
    "model_path": "results/1wk_more_complex_graph_structure/model.pth"
  }
}