{
  "best_validation_loss": 0.600493942476707,
  "final_training_loss": 0.3522098631956583,
  "final_validation_loss": 0.6267167111544032,
  "epochs_trained": 50,
  "early_stopping": false,
  "training_losses": [
    0.7803611659990085,
    0.6961935655063268,
    0.6597675720488564,
    0.6198492518250655,
    0.5893934891137013,
    0.5717238409101013,
    0.561757816404851,
    0.5502038098413472,
    0.5353701417769278,
    0.524888621681372,
    0.5302636210460869,
    0.5052153391759325,
    0.5178978711977635,
    0.49319256494216335,
    0.5417388292678668,
    0.5024823469697479,
    0.47870218716476937,
    0.4799573650426637,
    0.5539994876925114,
    0.47719316732706946,
    0.520665389699925,
    0.4821240039784164,
    0.4812855922653083,
    0.4791987537319405,
    0.4296700456996442,
    0.4238664465776065,
    0.525825776533141,
    0.4644470724843629,
    0.42417335849688104,
    0.4127836381180683,
    0.39826282807933444,
    0.3984517605470362,
    0.38745870794209913,
    0.38373339532583883,
    0.3801963843218558,
    0.39508431543997047,
    0.4121027694238617,
    0.36919849057064513,
    0.3738770738821095,
    0.3683816929918487,
    0.382389961400309,
    0.37148269554409186,
    0.38188162289882305,
    0.42105462268028826,
    0.4331184645821945,
    0.3586157306451732,
    0.3591333148080287,
    0.3487459617859953,
    0.3541249199208203,
    0.3522098631956583
  ],
  "validation_losses": [
    0.9644474312322869,
    0.847794112923755,
    0.9264235469474368,
    0.8627726215886199,
    0.7899446479772052,
    0.7724856833786997,
    0.8782590867177537,
    0.861535941220854,
    0.8226307848783116,
    0.7818489482787918,
    0.7568753808906906,
    0.7128511733592373,
    0.7300214028181551,
    0.7286294293185892,
    0.711147306665574,
    0.8518257580323306,
    0.7410792413945884,
    1.0936570134541215,
    0.7072961641194886,
    0.7030585829389694,
    0.7131457950018313,
    0.7804205415932011,
    0.6931162803480614,
    0.6707191890675456,
    0.6560263824075052,
    0.6610435833771752,
    0.771438011584897,
    0.730812776510574,
    0.6887834773284115,
    0.6547326657019522,
    0.6902441511347414,
    0.6856892489100972,
    0.7027458462643025,
    0.6611041995148136,
    0.6345967732574025,
    0.6551411888268712,
    0.680404855610301,
    0.6951651844157748,
    0.6557824049468182,
    0.6850297815893611,
    0.6298261677429556,
    0.6303021852012094,
    0.6604938155644016,
    0.8193602031734708,
    0.6538791056195078,
    0.6212424099717511,
    0.649684631065827,
    0.6162748388673889,
    0.600493942476707,
    0.6267167111544032
  ]
}